[{"model": "authentication.customuser", "pk": 1, "fields": {"password": "pbkdf2_sha256$1000000$jaxbz8YPoZsg4maDMQf62d$KaGnFdsk5V/qVSZXH8mHG8nwXvb0gyRTd+qitn7Stao=", "last_login": null, "is_superuser": false, "first_name": "", "last_name": "", "is_staff": false, "is_active": true, "date_joined": "2025-04-24T16:47:53.020Z", "email": "test@gmail.com", "full_name": "Bijay Khadka", "user_image_url": "", "is_fingerprint_enabled": false, "login_device_info": null, "groups": [], "user_permissions": []}}, {"model": "authentication.customuser", "pk": 2, "fields": {"password": "pbkdf2_sha256$1000000$lFONhtmPasvriYeQUGF8FI$xgNa8wi5DFELsUmMU85d5rMVPptrcVTv8jk3PDJKy2w=", "last_login": null, "is_superuser": false, "first_name": "", "last_name": "", "is_staff": false, "is_active": true, "date_joined": "2025-04-29T08:45:14.822Z", "email": "dhanpati@gmail.com", "full_name": "Dhanpati kandel", "user_image_url": "", "is_fingerprint_enabled": true, "login_device_info": {"device": "iPhone 13", "os": "iOS 16.3", "app_version": "1.0.0"}, "groups": [], "user_permissions": []}}, {"model": "authentication.customuser", "pk": 3, "fields": {"password": "pbkdf2_sha256$1000000$6IrdODhHGngbruZOI7vSLi$mA5eCDw0q4IM92Poc6MhIMU2Yv+Y+lv9lJnDEvVV4XY=", "last_login": null, "is_superuser": false, "first_name": "", "last_name": "", "is_staff": false, "is_active": true, "date_joined": "2025-04-30T01:43:49.700Z", "email": "narayan@gmail.com", "full_name": "Suyog Adhikari", "user_image_url": "", "is_fingerprint_enabled": false, "login_device_info": null, "groups": [], "user_permissions": []}}, {"model": "authentication.customuser", "pk": 4, "fields": {"password": "pbkdf2_sha256$1000000$K5SfmCxU2NNxyFUIV8Kk53$g3F0A0gZLgiJ2MlAYowcbGeb5QhKBFOLMspwk2y8dp0=", "last_login": null, "is_superuser": false, "first_name": "", "last_name": "", "is_staff": false, "is_active": true, "date_joined": "2025-04-30T10:02:43.869Z", "email": "bijay@gmail.com", "full_name": "Bijay Khadka", "user_image_url": "user_images/49d9be60-52d1-40e3-9f98-32d52959b925.jpg", "is_fingerprint_enabled": false, "login_device_info": null, "groups": [], "user_permissions": []}}, {"model": "authentication.customuser", "pk": 5, "fields": {"password": "pbkdf2_sha256$1000000$NlllC6hAYudhImxPJHYgJp$MTibn3W0/pNGAnxUL9dwj2XGoCzEwv95jCcNS855OHo=", "last_login": "2025-05-05T09:48:15.720Z", "is_superuser": true, "first_name": "", "last_name": "", "is_staff": true, "is_active": true, "date_joined": "2025-05-05T09:47:54.575Z", "email": "test@email.com", "full_name": "test", "user_image_url": "", "is_fingerprint_enabled": false, "login_device_info": null, "groups": [], "user_permissions": []}}, {"model": "authentication.customuser", "pk": 6, "fields": {"password": "pbkdf2_sha256$1000000$Ncc6DrAbFKTeHDyOFkcNVV$HYOf5EZvbl1Vl6fiCUxmr99aIgUAp1NhcejWcHAfnBA=", "last_login": null, "is_superuser": false, "first_name": "", "last_name": "", "is_staff": false, "is_active": true, "date_joined": "2025-05-19T08:17:33.284Z", "email": "bijay17khadka@gmail.com", "full_name": "Bijay Khadka", "user_image_url": "", "is_fingerprint_enabled": false, "login_device_info": null, "groups": [], "user_permissions": []}}, {"model": "authentication.customuser", "pk": 7, "fields": {"password": "pbkdf2_sha256$1000000$IGVAeJC3s6XUOzTRlX0Za5$SfzQYpdR+zC2biAy7s4O7jIL2TYXLCtlwMf0R7pYrhE=", "last_login": null, "is_superuser": false, "first_name": "", "last_name": "", "is_staff": false, "is_active": true, "date_joined": "2025-05-19T16:44:13.520Z", "email": "sanskritijoshi128@gmail.com", "full_name": "Bijay Khadka", "user_image_url": "", "is_fingerprint_enabled": false, "login_device_info": null, "groups": [], "user_permissions": []}}, {"model": "cars.car", "pk": 1, "fields": {"car_image": "car_images/toyotafrontuner.jpeg", "car_name": "Toyota Fortuner", "fee": "180.00", "tracker_expiry_date": "2026-01-01", "color": "White", "seats": 7, "mileage": "12kmpl", "type": "SUV", "gearbox": "Automatic", "max_speed": "180", "collision_damage_waiver": true, "third_party_liability_insurance": true, "optional_insurance_add_ons": false, "insurance_expiry_date": "2025-10-10", "status": "Booked", "availability": "Booked", "created_at": "2025-05-05T08:42:21.851Z", "updated_at": "2025-05-05T09:58:48.908Z", "created_by": 4, "updated_by": 4, "is_deleted": true, "deleted_at": "2025-05-05T09:58:48.907Z", "deleted_by": 4}}, {"model": "cars.car", "pk": 2, "fields": {"car_image": "car_images/delli5one.jpeg", "car_name": "Toyota Fortuner", "fee": "120.00", "tracker_expiry_date": "2026-01-01", "color": "White", "seats": 7, "mileage": "12kmpl", "type": "SUV", "gearbox": "Automatic", "max_speed": "180", "collision_damage_waiver": true, "third_party_liability_insurance": true, "optional_insurance_add_ons": false, "insurance_expiry_date": "2025-10-10", "status": "Booked", "availability": "Booked", "created_at": "2025-05-05T08:47:33.113Z", "updated_at": "2025-05-14T03:57:31.211Z", "created_by": 4, "updated_by": 4, "is_deleted": false, "deleted_at": null, "deleted_by": null}}, {"model": "cars.car", "pk": 3, "fields": {"car_image": "", "car_name": "Ford Frontrunner", "fee": "140.00", "tracker_expiry_date": "2026-01-01", "color": "White", "seats": 7, "mileage": "12kmpl", "type": "SUV", "gearbox": "Automatic", "max_speed": "180", "collision_damage_waiver": true, "third_party_liability_insurance": true, "optional_insurance_add_ons": false, "insurance_expiry_date": "2025-10-10", "status": "Active", "availability": "Available", "created_at": "2025-05-08T06:22:49.453Z", "updated_at": "2025-05-24T16:10:53.923Z", "created_by": 4, "updated_by": 4, "is_deleted": false, "deleted_at": null, "deleted_by": null}}, {"model": "cars.car", "pk": 4, "fields": {"car_image": "", "car_name": "Ford Frontrunner", "fee": "140.00", "tracker_expiry_date": "2026-01-01", "color": "White", "seats": 7, "mileage": "12kmpl", "type": "Van", "gearbox": "Automatic", "max_speed": "180", "collision_damage_waiver": true, "third_party_liability_insurance": true, "optional_insurance_add_ons": false, "insurance_expiry_date": "2025-10-10", "status": "Booked", "availability": "Booked", "created_at": "2025-05-10T13:36:13.274Z", "updated_at": "2025-05-10T13:36:13.274Z", "created_by": 4, "updated_by": 4, "is_deleted": false, "deleted_at": null, "deleted_by": null}}, {"model": "cars.car", "pk": 5, "fields": {"car_image": "", "car_name": "Ford Frontrunner", "fee": "140.00", "tracker_expiry_date": "2026-01-01", "color": "White", "seats": 7, "mileage": "12kmpl", "type": "SUV", "gearbox": "Automatic", "max_speed": "180", "collision_damage_waiver": true, "third_party_liability_insurance": true, "optional_insurance_add_ons": false, "insurance_expiry_date": "2025-10-10", "status": "Active", "availability": "Available", "created_at": "2025-05-10T13:36:37.944Z", "updated_at": "2025-05-10T13:36:37.944Z", "created_by": 4, "updated_by": 4, "is_deleted": false, "deleted_at": null, "deleted_by": null}}, {"model": "cars.car", "pk": 6, "fields": {"car_image": "", "car_name": "Ford Frontrunner", "fee": "140.00", "tracker_expiry_date": "2026-01-01", "color": "White", "seats": 7, "mileage": "12kmpl", "type": "SUV", "gearbox": "Automatic", "max_speed": "180", "collision_damage_waiver": true, "third_party_liability_insurance": true, "optional_insurance_add_ons": false, "insurance_expiry_date": "2025-10-10", "status": "Active", "availability": "Available", "created_at": "2025-05-10T13:37:31.568Z", "updated_at": "2025-05-10T13:37:31.568Z", "created_by": 4, "updated_by": 4, "is_deleted": false, "deleted_at": null, "deleted_by": null}}, {"model": "cars.car", "pk": 7, "fields": {"car_image": "", "car_name": "Ford Frontrunner", "fee": "140.00", "tracker_expiry_date": "2026-01-01", "color": "White", "seats": 7, "mileage": "12kmpl", "type": "Hatchback", "gearbox": "Automatic", "max_speed": "180", "collision_damage_waiver": true, "third_party_liability_insurance": true, "optional_insurance_add_ons": false, "insurance_expiry_date": "2025-10-10", "status": "Active", "availability": "Available", "created_at": "2025-05-10T13:59:54.975Z", "updated_at": "2025-05-10T13:59:54.975Z", "created_by": 4, "updated_by": 4, "is_deleted": false, "deleted_at": null, "deleted_by": null}}, {"model": "cars.car", "pk": 8, "fields": {"car_image": "", "car_name": "Dhan Frontrunner", "fee": "140.00", "tracker_expiry_date": "2026-01-01", "color": "White", "seats": 7, "mileage": "12kmpl", "type": "Hatchback", "gearbox": "Automatic", "max_speed": "180", "collision_damage_waiver": true, "third_party_liability_insurance": true, "optional_insurance_add_ons": false, "insurance_expiry_date": "2025-10-10", "status": "Active", "availability": "Available", "created_at": "2025-05-12T06:21:48.668Z", "updated_at": "2025-05-12T06:21:48.668Z", "created_by": 4, "updated_by": 4, "is_deleted": false, "deleted_at": null, "deleted_by": null}}, {"model": "cars.car", "pk": 9, "fields": {"car_image": "", "car_name": "Dhan Frontrunner", "fee": "140.00", "tracker_expiry_date": "2026-01-01", "color": "White", "seats": 7, "mileage": "12kmpl", "type": "Hatchback", "gearbox": "Automatic", "max_speed": "180", "collision_damage_waiver": true, "third_party_liability_insurance": true, "optional_insurance_add_ons": false, "insurance_expiry_date": "2025-10-10", "status": "Active", "availability": "Available", "created_at": "2025-05-12T06:22:41.791Z", "updated_at": "2025-05-12T06:22:41.791Z", "created_by": 4, "updated_by": 4, "is_deleted": false, "deleted_at": null, "deleted_by": null}}, {"model": "cars.car", "pk": 10, "fields": {"car_image": "", "car_name": "Dhan Frontrunner", "fee": "140.00", "tracker_expiry_date": "2026-01-01", "color": "White", "seats": 7, "mileage": "12kmpl", "type": "Hatchback", "gearbox": "Automatic", "max_speed": "180", "collision_damage_waiver": true, "third_party_liability_insurance": true, "optional_insurance_add_ons": false, "insurance_expiry_date": "2025-10-10", "status": "Active", "availability": "Available", "created_at": "2025-05-12T06:24:38.096Z", "updated_at": "2025-05-12T06:24:38.096Z", "created_by": 4, "updated_by": 4, "is_deleted": false, "deleted_at": null, "deleted_by": null}}, {"model": "cars.cardeletereason", "pk": 1, "fields": {"car": 1, "reason": "Car sent for maintenance", "description": "Engine issue detected, needs urgent repair", "deleted_at": "2025-05-05T09:58:49.063Z", "deleted_by": 4}}, {"model": "bookings.booking", "pk": 1, "fields": {"booking_id": "BK-20250506-cdaa456f", "customer": 2, "car": 2, "start_date": "2025-05-10", "end_date": "2025-05-20", "pickup_time": "09:00:00", "dropoff_time": "18:00:00", "actual_return_date": "2025-05-06", "booking_status": "Returned", "car_returned": true, "payment_status": "Partial", "subtotal": "600.00", "tax": "60.00", "discount": "50.00", "extension_charges": "240.00", "total_amount": "850.00", "paid_amount": "500.00", "payment_date": "2025-05-10", "payment_method": null, "has_accident": true, "accident_description": "Rear collision", "accident_date": "2025-05-12", "accident_charges": "500.00", "original_car": null, "has_been_swapped": false, "swap_date": null, "swap_reason": null, "remarks": "Extended for two more days", "created_at": "2025-05-06T08:30:16.586Z", "updated_at": "2025-05-08T06:19:41.541Z", "created_by": 4}}, {"model": "bookings.booking", "pk": 2, "fields": {"booking_id": "BK-20250506-0a3f8f6e", "customer": 2, "car": 3, "start_date": "2025-05-10", "end_date": "2025-05-15", "pickup_time": "09:00:00", "dropoff_time": "18:00:00", "actual_return_date": "2025-05-19", "booking_status": "Returned", "car_returned": true, "payment_status": "Unpaid", "subtotal": "600.00", "tax": "60.00", "discount": "50.00", "extension_charges": "0.00", "total_amount": "610.00", "paid_amount": "0.00", "payment_date": null, "payment_method": null, "has_accident": true, "accident_description": "Rear collision", "accident_date": "2025-05-12", "accident_charges": "500.00", "original_car": 2, "has_been_swapped": true, "swap_date": "2025-05-08", "swap_reason": "Accident replacement", "remarks": "Business trip booking", "created_at": "2025-05-06T09:33:42.904Z", "updated_at": "2025-05-24T16:10:53.803Z", "created_by": 4}}, {"model": "bookings.booking", "pk": 3, "fields": {"booking_id": "BK-20250508-200b0d86", "customer": 2, "car": 2, "start_date": "2025-05-10", "end_date": "2025-05-15", "pickup_time": "09:00:00", "dropoff_time": "18:00:00", "actual_return_date": null, "booking_status": "Active", "car_returned": false, "payment_status": "Paid", "subtotal": "600.00", "tax": "60.00", "discount": "50.00", "extension_charges": "0.00", "total_amount": "610.00", "paid_amount": "0.00", "payment_date": null, "payment_method": null, "has_accident": false, "accident_description": null, "accident_date": null, "accident_charges": "0.00", "original_car": null, "has_been_swapped": false, "swap_date": null, "swap_reason": null, "remarks": "Business trip booking", "created_at": "2025-05-08T06:43:56.805Z", "updated_at": "2025-05-08T06:43:56.805Z", "created_by": 4}}, {"model": "bookings.booking", "pk": 4, "fields": {"booking_id": "BK-20250508-c33dba7b", "customer": 2, "car": 1, "start_date": "2025-05-10", "end_date": "2025-05-15", "pickup_time": "09:00:00", "dropoff_time": "18:00:00", "actual_return_date": null, "booking_status": "Active", "car_returned": false, "payment_status": "Paid", "subtotal": "900.00", "tax": "60.00", "discount": "50.00", "extension_charges": "0.00", "total_amount": "910.00", "paid_amount": "0.00", "payment_date": null, "payment_method": null, "has_accident": false, "accident_description": null, "accident_date": null, "accident_charges": "0.00", "original_car": null, "has_been_swapped": false, "swap_date": null, "swap_reason": null, "remarks": "Business trip booking", "created_at": "2025-05-08T06:48:51.624Z", "updated_at": "2025-05-08T06:48:51.624Z", "created_by": 4}}, {"model": "bookings.booking", "pk": 5, "fields": {"booking_id": "BK-20250508-e73ffc3e", "customer": 2, "car": 3, "start_date": "2025-05-10", "end_date": "2025-05-15", "pickup_time": "09:00:00", "dropoff_time": "18:00:00", "actual_return_date": null, "booking_status": "Active", "car_returned": false, "payment_status": "Paid", "subtotal": "700.00", "tax": "60.00", "discount": "50.00", "extension_charges": "0.00", "total_amount": "710.00", "paid_amount": "0.00", "payment_date": null, "payment_method": null, "has_accident": false, "accident_description": null, "accident_date": null, "accident_charges": "0.00", "original_car": null, "has_been_swapped": false, "swap_date": null, "swap_reason": null, "remarks": "Business trip booking", "created_at": "2025-05-08T06:51:07.154Z", "updated_at": "2025-05-08T06:51:07.154Z", "created_by": 4}}, {"model": "bookings.booking", "pk": 6, "fields": {"booking_id": "BK-20250508-597fab5d", "customer": 2, "car": null, "start_date": "2025-05-10", "end_date": "2025-05-15", "pickup_time": null, "dropoff_time": null, "actual_return_date": null, "booking_status": "Cancelled", "car_returned": false, "payment_status": "Paid", "subtotal": "0.00", "tax": "0.00", "discount": "0.00", "extension_charges": "0.00", "total_amount": "0.00", "paid_amount": "0.00", "payment_date": null, "payment_method": null, "has_accident": false, "accident_description": null, "accident_date": null, "accident_charges": "0.00", "original_car": null, "has_been_swapped": false, "swap_date": null, "swap_reason": null, "remarks": "Business trip booking", "created_at": "2025-05-08T07:15:17.514Z", "updated_at": "2025-05-08T07:15:17.514Z", "created_by": 4}}, {"model": "bookings.booking", "pk": 7, "fields": {"booking_id": "BK-20250515-040cb0c0", "customer": 2, "car": 2, "start_date": "2025-05-25", "end_date": "2025-05-28", "pickup_time": "09:00:00", "dropoff_time": "18:00:00", "actual_return_date": null, "booking_status": "Active", "car_returned": false, "payment_status": "Unpaid", "subtotal": "360.00", "tax": "60.00", "discount": "50.00", "extension_charges": "0.00", "total_amount": "370.00", "paid_amount": "0.00", "payment_date": null, "payment_method": null, "has_accident": false, "accident_description": null, "accident_date": null, "accident_charges": "0.00", "original_car": null, "has_been_swapped": false, "swap_date": null, "swap_reason": null, "remarks": "Business trip booking", "created_at": "2025-05-15T05:56:24.067Z", "updated_at": "2025-05-15T05:56:24.067Z", "created_by": 4}}, {"model": "bookings.booking", "pk": 8, "fields": {"booking_id": "BK-20250520-697067ae", "customer": 3, "car": 1, "start_date": "2025-06-25", "end_date": "2025-06-28", "pickup_time": "09:00:00", "dropoff_time": "18:00:00", "actual_return_date": null, "booking_status": "Active", "car_returned": false, "payment_status": "Partial", "subtotal": "540.00", "tax": "60.00", "discount": "50.00", "extension_charges": "0.00", "total_amount": "550.00", "paid_amount": "0.00", "payment_date": null, "payment_method": null, "has_accident": false, "accident_description": null, "accident_date": null, "accident_charges": "0.00", "original_car": null, "has_been_swapped": false, "swap_date": null, "swap_reason": null, "remarks": "Business trip booking", "created_at": "2025-05-20T06:46:10.062Z", "updated_at": "2025-05-20T06:46:10.062Z", "created_by": 4}}, {"model": "bookings.booking", "pk": 9, "fields": {"booking_id": "BK-20250520-5ea14833", "customer": 4, "car": 1, "start_date": "2025-12-25", "end_date": "2025-12-28", "pickup_time": null, "dropoff_time": null, "actual_return_date": null, "booking_status": "Active", "car_returned": false, "payment_status": "Partial", "subtotal": "540.00", "tax": "0.00", "discount": "0.00", "extension_charges": "0.00", "total_amount": "540.00", "paid_amount": "100.00", "payment_date": null, "payment_method": null, "has_accident": false, "accident_description": null, "accident_date": null, "accident_charges": "0.00", "original_car": null, "has_been_swapped": false, "swap_date": null, "swap_reason": null, "remarks": "Test partial payment booking", "created_at": "2025-05-20T06:51:33.076Z", "updated_at": "2025-05-20T06:51:33.076Z", "created_by": 4}}, {"model": "bookings.booking", "pk": 10, "fields": {"booking_id": "BK-20250520-3f89a309", "customer": 3, "car": 1, "start_date": "2025-08-25", "end_date": "2025-09-28", "pickup_time": null, "dropoff_time": null, "actual_return_date": null, "booking_status": "Active", "car_returned": false, "payment_status": "Paid", "subtotal": "6120.00", "tax": "0.00", "discount": "0.00", "extension_charges": "0.00", "total_amount": "6120.00", "paid_amount": "140.00", "payment_date": null, "payment_method": null, "has_accident": false, "accident_description": null, "accident_date": null, "accident_charges": "0.00", "original_car": null, "has_been_swapped": false, "swap_date": null, "swap_reason": null, "remarks": "Test paid booking", "created_at": "2025-05-20T06:53:01.038Z", "updated_at": "2025-05-20T06:53:01.038Z", "created_by": 4}}, {"model": "bookings.booking", "pk": 11, "fields": {"booking_id": "BK-20250520-d39ecd40", "customer": 3, "car": 1, "start_date": "2025-10-01", "end_date": "2025-10-02", "pickup_time": null, "dropoff_time": null, "actual_return_date": null, "booking_status": "Active", "car_returned": false, "payment_status": "Paid", "subtotal": "180.00", "tax": "0.00", "discount": "0.00", "extension_charges": "0.00", "total_amount": "180.00", "paid_amount": "100.00", "payment_date": "2025-05-10", "payment_method": null, "has_accident": false, "accident_description": null, "accident_date": null, "accident_charges": "0.00", "original_car": null, "has_been_swapped": false, "swap_date": null, "swap_reason": null, "remarks": "Test paid booking", "created_at": "2025-05-20T07:04:59.246Z", "updated_at": "2025-05-20T07:04:59.246Z", "created_by": 4}}, {"model": "bookings.booking", "pk": 12, "fields": {"booking_id": "BK-20250520-d5755da3", "customer": 3, "car": 1, "start_date": "2025-10-03", "end_date": "2025-10-04", "pickup_time": null, "dropoff_time": null, "actual_return_date": null, "booking_status": "Active", "car_returned": false, "payment_status": "Unpaid", "subtotal": "180.00", "tax": "0.00", "discount": "0.00", "extension_charges": "0.00", "total_amount": "180.00", "paid_amount": "100.00", "payment_date": null, "payment_method": null, "has_accident": false, "accident_description": null, "accident_date": null, "accident_charges": "0.00", "original_car": null, "has_been_swapped": false, "swap_date": null, "swap_reason": null, "remarks": "Test paid booking", "created_at": "2025-05-20T07:05:20.867Z", "updated_at": "2025-05-20T07:05:20.867Z", "created_by": 4}}, {"model": "bookings.booking", "pk": 13, "fields": {"booking_id": "BK-20250520-72b6a6c6", "customer": 3, "car": null, "start_date": "2025-10-03", "end_date": "2025-10-04", "pickup_time": null, "dropoff_time": null, "actual_return_date": null, "booking_status": "Reserved", "car_returned": false, "payment_status": "Unpaid", "subtotal": "0.00", "tax": "0.00", "discount": "0.00", "extension_charges": "0.00", "total_amount": "0.00", "paid_amount": "100.00", "payment_date": null, "payment_method": null, "has_accident": false, "accident_description": null, "accident_date": null, "accident_charges": "0.00", "original_car": null, "has_been_swapped": false, "swap_date": null, "swap_reason": null, "remarks": "Test paid booking", "created_at": "2025-05-20T07:53:33.666Z", "updated_at": "2025-05-20T07:53:33.667Z", "created_by": 4}}, {"model": "bookings.booking", "pk": 14, "fields": {"booking_id": "BK-20250525-f26b4bd1", "customer": 2, "car": null, "start_date": "2025-06-01", "end_date": "2025-06-05", "pickup_time": null, "dropoff_time": null, "actual_return_date": null, "booking_status": "Reserved", "car_returned": false, "payment_status": "Unpaid", "subtotal": "0.00", "tax": "0.00", "discount": "0.00", "extension_charges": "0.00", "total_amount": "0.00", "paid_amount": "0.00", "payment_date": null, "payment_method": null, "has_accident": false, "accident_description": null, "accident_date": null, "accident_charges": "0.00", "original_car": null, "has_been_swapped": false, "swap_date": null, "swap_reason": null, "remarks": "Test reserved booking", "created_at": "2025-05-25T08:15:15.496Z", "updated_at": "2025-05-25T08:15:15.496Z", "created_by": 4}}, {"model": "bookings.booking", "pk": 15, "fields": {"booking_id": "BK-20250526-e4757ba0", "customer": 3, "car": 2, "start_date": "2025-06-26", "end_date": "2025-06-27", "pickup_time": null, "dropoff_time": null, "actual_return_date": null, "booking_status": "Active", "car_returned": false, "payment_status": "Unpaid", "subtotal": "120.00", "tax": "0.00", "discount": "0.00", "extension_charges": "0.00", "total_amount": "120.00", "paid_amount": "0.00", "payment_date": null, "payment_method": null, "has_accident": false, "accident_description": null, "accident_date": null, "accident_charges": "0.00", "original_car": null, "has_been_swapped": false, "swap_date": null, "swap_reason": null, "remarks": null, "created_at": "2025-05-26T13:59:46.494Z", "updated_at": "2025-05-26T13:59:46.494Z", "created_by": 4}}, {"model": "bookings.booking", "pk": 16, "fields": {"booking_id": "BK-20250526-174b815b", "customer": 3, "car": 4, "start_date": "2025-06-01", "end_date": "2025-06-05", "pickup_time": null, "dropoff_time": null, "actual_return_date": null, "booking_status": "Active", "car_returned": false, "payment_status": "Unpaid", "subtotal": "400.00", "tax": "0.00", "discount": "0.00", "extension_charges": "0.00", "total_amount": "400.00", "paid_amount": "0.00", "payment_date": "2025-06-02", "payment_method": null, "has_accident": false, "accident_description": null, "accident_date": null, "accident_charges": "0.00", "original_car": null, "has_been_swapped": false, "swap_date": null, "swap_reason": null, "remarks": null, "created_at": "2025-05-26T16:49:25.893Z", "updated_at": "2025-05-26T16:49:25.893Z", "created_by": 4}}, {"model": "bookings.booking", "pk": 17, "fields": {"booking_id": "BK-20250526-95bb9d4b", "customer": 2, "car": 1, "start_date": "2025-08-01", "end_date": "2025-08-05", "pickup_time": "09:00:00", "dropoff_time": "18:00:00", "actual_return_date": null, "booking_status": "Active", "car_returned": false, "payment_status": "Paid", "subtotal": "720.00", "tax": "60.00", "discount": "50.00", "extension_charges": "0.00", "total_amount": "730.00", "paid_amount": "730.00", "payment_date": null, "payment_method": null, "has_accident": false, "accident_description": null, "accident_date": null, "accident_charges": "0.00", "original_car": null, "has_been_swapped": false, "swap_date": null, "swap_reason": null, "remarks": "Test booking", "created_at": "2025-05-26T17:51:24.754Z", "updated_at": "2025-05-26T17:53:08.736Z", "created_by": 4}}, {"model": "bookings.payment", "pk": 1, "fields": {"booking": 1, "amount": "500.00", "payment_date": "2025-05-10", "payment_method": "Credit", "is_successful": true, "transaction_id": "TXN123456", "notes": "Partial payment via credit card", "remarks": null, "payment_method_details": null, "receipt_image": "", "created_at": "2025-05-06T09:03:14.130Z", "created_by": 4}}, {"model": "bookings.payment", "pk": 2, "fields": {"booking": 11, "amount": "200.00", "payment_date": "2025-05-26", "payment_method": "Cash", "is_successful": true, "transaction_id": "TXN123456", "notes": "First payment", "remarks": "Paid in cash at counter", "payment_method_details": null, "receipt_image": "", "created_at": "2025-05-26T07:19:22.701Z", "created_by": 4}}, {"model": "bookings.payment", "pk": 3, "fields": {"booking": 11, "amount": "200.00", "payment_date": "2025-05-26", "payment_method": "Cash", "is_successful": true, "transaction_id": "TXN123456", "notes": "First payment", "remarks": "Paid in cash at counter", "payment_method_details": null, "receipt_image": "", "created_at": "2025-05-26T07:19:47.496Z", "created_by": 4}}, {"model": "bookings.payment", "pk": 4, "fields": {"booking": 11, "amount": "500.00", "payment_date": "2025-05-10", "payment_method": "Credit", "is_successful": true, "transaction_id": "TXN123456", "notes": "Partial payment via credit card", "remarks": null, "payment_method_details": null, "receipt_image": "", "created_at": "2025-05-26T07:20:07.115Z", "created_by": 4}}, {"model": "bookings.payment", "pk": 5, "fields": {"booking": 1, "amount": "500.00", "payment_date": "2025-05-10", "payment_method": "Online", "is_successful": true, "transaction_id": "TXN123456", "notes": "Partial payment via credit card", "remarks": null, "payment_method_details": null, "receipt_image": "", "created_at": "2025-05-26T07:22:17.450Z", "created_by": 4}}, {"model": "bookings.payment", "pk": 6, "fields": {"booking": 16, "amount": "200.00", "payment_date": "2025-06-02", "payment_method": "Cash", "is_successful": true, "transaction_id": "TXN10001", "notes": "First payment", "remarks": null, "payment_method_details": null, "receipt_image": "", "created_at": "2025-05-26T16:50:49.888Z", "created_by": 4}}, {"model": "bookings.bookingextension", "pk": 1, "fields": {"booking": 1, "previous_end_date": "2025-05-17", "new_end_date": "2025-05-20", "extension_fee": "240.00", "reason": "Trip extended due to business needs", "remarks": "Approved by manager", "created_at": "2025-05-06T08:45:39.590Z", "created_by": 4}}, {"model": "customers.customer", "pk": 2, "fields": {"profile_image": "", "name": "Ram Parsad", "email": "ram@gmail.com", "phone_number": "9882828384", "gender": "Male", "date_of_birth": "1985-02-12", "address": "sadobato", "identification_image": "customer_ids/default_TFI0fiP.jpg", "status": "Active", "user": null, "total_bookings": 6, "total_spent": "2230.00", "last_booking_date": "2025-05-10", "created_at": "2025-05-06T07:43:52.850Z", "updated_at": "2025-05-06T07:43:52.850Z", "created_by": 4}}, {"model": "customers.customer", "pk": 3, "fields": {"profile_image": "customer_profiles/default.jpg", "name": "Dhan Parsad", "email": "dhan@gmail.com", "phone_number": "9882828384", "gender": "Male", "date_of_birth": "1985-02-12", "address": "sadobato", "identification_image": "customer_ids/default_nYNhAI0.jpg", "status": "Active", "user": null, "total_bookings": 0, "total_spent": "0.00", "last_booking_date": null, "created_at": "2025-05-14T03:42:30.849Z", "updated_at": "2025-05-14T03:42:30.849Z", "created_by": 4}}, {"model": "customers.customer", "pk": 4, "fields": {"profile_image": "customer_profiles/default_2I5QjXP.jpg", "name": "Bijay Parsad", "email": "bijay@gmail.com", "phone_number": "9882828384", "gender": "Male", "date_of_birth": "1985-02-12", "address": "sadobato", "identification_image": "customer_ids/default_7jzFjoG.jpg", "status": "Active", "user": null, "total_bookings": 0, "total_spent": "0.00", "last_booking_date": null, "created_at": "2025-05-14T03:49:59.843Z", "updated_at": "2025-05-14T03:49:59.843Z", "created_by": 4}}, {"model": "menu.menuitem", "pk": 2, "fields": {"title": "Updated Menu Title", "icon": "star", "route": "NewRoute", "order": 5, "parent": null, "is_active": true, "groups": []}}]